"constructor_ID","constructor_name","constructor_abbr","nationality"
1,"Alfa Romeo","alfa","Swiss"
2,"Alta","alta","British"
3,"ERA","era","British"
4,"Maserati","maserati","Italian"
5,"Talbot-Lago","lago","French"
6,"Cooper","cooper","British"
7,"Ferrari","ferrari","Italian"
8,"Simca","simca","French"
9,"Adams","adams","American"
10,"Deidt","deidt","American"
11,"Ewing","ewing","American"
12,"Kurtis Kraft","kurtis_kraft","American"
13,"Langley","langley","American"
14,"Lesovsky","lesovsky","American"
15,"Marchese","marchese","American"
16,"Moore","moore","American"
17,"Nichels","nichels","American"
18,"Olson","olson","American"
19,"Rae","rae","American"
20,"Snowberger","snowberger","American"
21,"Stevens","stevens","American"
22,"Watson","watson","American"
23,"Wetteroth","wetteroth","American"
24,"Milano","milano","Italian"
25,"HWM","hwm","British"
26,"Veritas","veritas","German"
27,"Bromme","bromme","American"
28,"Hall","hall","American"
29,"Kuzma","kuzma","American"
30,"Pawl","pawl","American"
31,"Schroeder","schroeder","American"
32,"Sherman","sherman","American"
33,"Trevis","trevis","American"
34,"BRM","brm","British"
35,"OSCA","osca","Italian"
36,"AFM","afm","German"
37,"Frazer Nash","frazer_nash","British"
38,"Gordini","gordini","French"
39,"Aston Butterworth","butterworth","British"
40,"Connaught","connaught","British"
41,"BMW","bmw","German"
42,"Cisitalia","cisitalia","Italian"
43,"Del Roy","del_roy","American"
44,"Turner","turner","American"
45,"EMW","emw","East German"
46,"Pankratz","pankratz","American"
47,"Phillips","phillips","American"
48,"Mercedes","mercedes","German"
49,"Vanwall","vanwall","British"
50,"Klenk","klenk","German"
51,"Lancia","lancia","Italian"
52,"Epperly","epperly","American"
53,"Arzani-Volpini","arzani-volpini","Italian"
54,"Bugatti","bugatti","French"
55,"Emeryson","emeryson","British"
56,"Dunn","dunn","American"
57,"Porsche","porsche","German"
58,"Team Lotus","team_lotus","British"
59,"Cooper-Climax","cooper-climax","British"
60,"Cooper-Maserati","cooper-maserati","British"
61,"Christensen","vhristensen","American"
62,"Elder","elder","American"
63,"Sutton","sutton","American"
64,"Aston Martin","aston_martin","British"
65,"Cooper-Borgward","cooper-borgward","British"
66,"Fry","fry","British"
67,"JBW","jbw","British"
68,"Cooper-OSCA","cooper-osca","British"
69,"Tec-Mec","tec-mec","Italian"
70,"Behra-Porsche","behra-porsche","Italian"
71,"Cooper-Castellotti","cooper-castellotti","British"
72,"Scarab","scarab","American"
73,"Meskowski","meskowski","American"
74,"Lotus-Climax","lotus-climax","British"
75,"De Tomaso-Osca","de_tomaso-osca","Italian"
76,"Ferguson","ferguson","British"
77,"Gilby","gilby","British"
78,"MBM","mbm","Swiss"
79,"De Tomaso-Alfa Romeo","de_tomaso-alfa_romeo","Italian"
80,"Lotus-Maserati","lotus-maserati","British"
81,"Lola","lola","British"
82,"Lotus-BRM","lotus-brm","British"
83,"Brabham","brabham","British"
84,"ENB","enb","Belgian"
85,"De Tomaso","tomaso","Italian"
86,"Lotus-Borgward","lotus-borgward","British"
87,"Cooper-Alfa Romeo","cooper-alfa_romeo","British"
88,"LDS","lds","South African"
89,"ATS","ats","Italian"
90,"Scirocco","scirocco","British"
91,"BRP","brp","British"
92,"De Tomaso-Ferrari","de_tomaso-ferrari","Italian"
93,"Stebro","stebro","Canadian"
94,"Lotus-Ford","lotus-ford","British"
95,"Brabham-Climax","brabham-climax","British"
96,"Brabham-BRM","brabham-brm","British"
97,"Brabham-Ford","brabham-ford","British"
98,"Honda","honda","Japanese"
99,"Derrington","derrington","British"
100,"Cooper-Ford","cooper-ford","British"
101,"LDS-Alfa Romeo","lds-alfa_romeo","South African"
102,"LDS-Climax","lds-climax","South African"
103,"RE","re","Rhodesian"
104,"Brabham-Repco","brabham-repco","British"
105,"McLaren-Ford","mclaren-ford","British"
106,"Eagle-Climax","eagle-climax","American"
107,"McLaren-Serenissima","mclaren-seren","British"
108,"Cooper-Ferrari","cooper-ferrari","British"
109,"Shannon","shannon","British"
110,"Eagle-Weslake","eagle-weslake","American"
111,"Matra","matra","French"
112,"McLaren-BRM","mclaren-brm","British"
113,"Cooper-ATS","cooper-ats","British"
114,"Protos","protos","British"
115,"Cooper-BRM","cooper-brm","British"
116,"Matra-Ford","matra-ford","French"
117,"McLaren","mclaren","British"
118,"BRM-Ford","brm-ford","British"
119,"March","march","British"
120,"McLaren-Alfa Romeo","mclaren-alfa_romeo","British"
121,"Bellasi","bellasi","Swiss"
122,"Surtees","surtees","British"
123,"Tyrrell","tyrrell","British"
124,"March-Alfa Romeo","march-alfa_romeo","British"
125,"March-Ford","march-ford","British"
126,"Lotus-Pratt &amp; Whitney","lotus-pw","British"
127,"Tecno","tecno","Italian"
128,"Politoys","politoys","British"
129,"Connew","connew","British"
130,"Iso Marlboro","iso_marlboro","British"
131,"Shadow","shadow","British"
132,"Ensign","ensign","British"
133,"Hesketh","hesketh","British"
134,"Amon","amon","New Zealander"
135,"Trojan","trojan","British"
136,"Token","token","British"
137,"Lyncar","lyncar","British"
138,"Maki","maki","Japanese"
139,"Parnelli","parnelli","American"
140,"Penske","penske","American"
141,"Fittipaldi","fittipaldi","Brazilian"
142,"Shadow-Ford","shadow-ford","British"
143,"Williams","williams","British"
144,"Embassy Hill","hill","British"
145,"Shadow-Matra","shadow-matra","British"
146,"Brabham-Alfa Romeo","brabham-alfa_romeo","British"
147,"Ligier","ligier","French"
148,"Wolf","wolf","Canadian"
149,"Boro","boro","Dutch"
150,"Kojima","kojima","Japanese"
151,"LEC","lec","British"
152,"McGuire","mcguire","Australian"
153,"Renault","renault","French"
154,"Apollon","apollon","Swiss"
155,"Merzario","merzario","Italian"
156,"Theodore","theodore","Hong Kong"
157,"Arrows","arrows","British"
158,"Martini","martini","French"
159,"Kauhsen","kauhsen","German"
160,"Rebaque","rebaque","Mexican"
161,"Osella","osella","Italian"
162,"Toleman","toleman","British"
163,"RAM","ram","British"
164,"Spirit","spirit","British"
165,"Minardi","minardi","Italian"
166,"Zakspeed","zakspeed","German"
167,"Benetton","benetton","Italian"
168,"AGS","ags","French"
169,"Larrousse","larrousse","French"
170,"Coloni","coloni","Italian"
171,"Dallara","dallara","Italian"
172,"Euro Brun","eurobrun","Italian"
173,"Rial","rial","German"
174,"Onyx","onyx","British"
175,"Leyton House","leyton","British"
176,"Life","life","Italian"
177,"Fondmetal","fondmetal","Italian"
178,"Footwork","footwork","British"
179,"Jordan","jordan","Irish"
180,"Lambo","lambo","Italian"
181,"Andrea Moda","moda","Italian"
182,"Sauber","sauber","Swiss"
183,"Pacific","pacific","British"
184,"Simtek","simtek","British"
185,"Forti","forti","Italian"
186,"Prost","prost","French"
187,"Stewart","stewart","British"
188,"BAR","bar","British"
189,"Jaguar","jaguar","British"
190,"Toyota","toyota","Japanese"
191,"Red Bull","red_bull","Austrian"
192,"BMW Sauber","bmw_sauber","German"
193,"MF1","mf1","Russian"
194,"Super Aguri","super_aguri","Japanese"
195,"Toro Rosso","toro_rosso","Italian"
196,"Spyker MF1","spyker_mf1","Dutch"
197,"Spyker","spyker","Dutch"
198,"Force India","force_india","Indian"
199,"Brawn","brawn","British"
200,"HRT","hrt","Spanish"
201,"Lotus","lotus_racing","Malaysian"
202,"Virgin","virgin","British"
203,"Caterham","caterham","Malaysian"
204,"Lotus F1","lotus_f1","British"
205,"Marussia","marussia","Russian"
206,"Manor Marussia","manor","British"
207,"Haas F1 Team","haas","American"
208,"Racing Point","racing_point","British"
209,"AlphaTauri","alphatauri","Italian"
210,"Alpine F1 Team","alpine","French"
